{
  "products": [
    {
      "id": 1,
      "name": "Data Structures and Algorithms ",
      "description": "Book description",
      "isAvailable": true,
      "price": 500
    },
    {
      "id": 2,
      "name": "Premsons 608 Four Bearing Fidget Spinner",
      "description": "Perfect toy for fidgeters. Updated",
      "isAvailable": true,
      "price": 150
    },
    {
      "id": 3,
      "name": "Bahubali DVD",
      "description": "Raised in a remote tribal village, Shivudu grows up a carefree young man who relentlessly pursues his heart\"s desire.",
      "isAvailable": false,
      "price": 299
    }
  ],
  "customers": [
    {
      "id": 1,
      "name": "John",
      "phone": "9988776655",
      "email": "john@abc.xyz",
      "city": "Bengaluru"
    },
    {
      "id": 2,
      "name": "Asif",
      "phone": "1122334455",
      "email": "asif@abc.xyz",
      "city": "Chennai"
    },
    {
      "id": 3,
      "name": "Hari",
      "phone": "3355776644",
      "email": "hari@abc.xyz",
      "city": "Mumbai"
    },
    {
      "id": 4,
      "name": "Amar",
      "phone": "2244668800",
      "email": "amar@abc.xyz",
      "city": "New Delhi"
    }
  ],
  "employees": []
}